train_acc_private,train_acc_public,train_loss,train_sign_acc,train_sign_loss,train_time,valid_acc_private,valid_acc_public,valid_loss_private,valid_loss_public,valid_s_private_features.4,valid_s_private_features.5,valid_s_private_features.6,valid_time_private,valid_time_public,valid_total_acc,wm_acc_private,wm_acc_public,wm_loss_private,wm_loss_public,wm_s_private_features.4,wm_s_private_features.5,wm_s_private_features.6,wm_time_private,wm_time_public,wm_total_acc
30.81519388023015,33.385713348315406,4.011493844045719,1.0,40.133186225779355,16.074026107788086,37.79,44.19,1.7621579959869385,1.6606237565994262,1.0,1.0,1.0,0.8175065517425537,0.8690667152404785,40.989999999999995,13.0,17.0,2.3754276978969573,3.3021679973602294,1.0,1.0,1.0,0.10377740859985352,0.08986330032348633,15.0
48.22682601694261,51.154308299554295,2.770067639143305,1.0,3.9475285364314914,14.661181926727295,47.95,57.64,1.5239216073989867,1.334829906463623,1.0,1.0,1.0,0.8628616333007812,0.8675026893615723,52.795,22.0,30.0,2.1065086340904235,2.1927275228500367,1.0,1.0,1.0,0.10973358154296875,0.06317329406738281,26.0
58.61948473413836,61.702167950580126,2.243909416217047,1.0,3.63898683199659,15.368229389190674,58.75,63.98,1.2782301763534545,1.165471749687195,1.0,1.0,1.0,0.8055088520050049,0.7710576057434082,61.364999999999995,27.0,50.0,1.946900897026062,1.4308984634280204,1.0,1.0,1.0,0.11810421943664551,0.07124042510986328,38.5
65.3610356779013,68.17017705431363,1.8819949501760485,1.0,3.817932420410216,15.083295345306396,63.58,67.15,1.0824001317977905,1.2007794187545777,1.0,1.0,1.0,0.9133336544036865,0.7422480583190918,65.36500000000001,42.0,70.0,1.6414540231227874,0.8879411316104233,1.0,1.0,1.0,0.11936306953430176,0.06207561492919922,56.0
70.14123213764343,72.99305420801062,1.6398475172425049,1.0,4.204653920140117,15.279109477996826,65.73,71.31,1.0807785707473754,0.9674634746551514,1.0,1.0,1.0,0.8146531581878662,0.7661864757537842,68.52000000000001,52.0,75.0,1.4787520742416382,0.6298984094662592,1.0,1.0,1.0,0.10675311088562012,0.06492972373962402,63.5
73.10751520564706,75.83129619056223,1.4712918187836221,1.0,4.64327962230891,15.428122758865356,70.63,70.79,0.9034219181060791,1.0202005695343017,1.0,1.0,1.0,0.9041805267333984,0.7961840629577637,70.71000000000001,63.0,74.0,1.3253909254074097,0.7568619221076369,1.0,1.0,1.0,0.10971951484680176,0.0702507495880127,68.5
75.6722150746442,78.29123503603184,1.3280045910620353,1.0,5.065121396444738,11.592958688735962,73.47,74.93,0.7754702410697937,0.8296560151100159,1.0,1.0,1.0,0.8916118144989014,0.793933629989624,74.2,70.0,86.0,1.0339732879400254,0.544593118391931,1.0,1.0,1.0,0.10511231422424316,0.06221270561218262,78.0
77.38718812871682,80.05858828926819,1.2425839890285888,1.0,5.495472231414169,14.78265929222107,74.07,75.1,0.7755161369323731,0.8309892004013062,1.0,1.0,1.0,0.8776841163635254,0.8372790813446045,74.585,68.0,88.0,1.0736334171891213,0.4725101209711283,1.0,1.0,1.0,0.10444283485412598,0.054125308990478516,78.0
78.83443923735283,81.52911929864432,1.1437509029378659,1.0,5.866968975868076,14.668253898620605,76.99,76.04,0.6887186553001404,0.756810081911087,1.0,1.0,1.0,0.8315708637237549,0.7982645034790039,76.515,85.0,88.0,0.599346843957901,0.35468862555921077,1.0,1.0,1.0,0.11132502555847168,0.06386804580688477,86.5
80.06828840502398,82.72416793491105,1.0762009083385198,1.0,6.214270240627229,14.413623809814453,77.69,77.51,0.6536280521392822,0.7006553433418274,1.0,1.0,1.0,0.7904200553894043,0.8460044860839844,77.6,90.0,86.0,0.6145420488715172,0.45310799591243267,1.0,1.0,1.0,0.10484671592712402,0.061517953872680664,88.0
81.24587723540283,83.79505578503871,1.0089246468873703,1.0,6.522264163941145,14.016652822494507,79.38,76.71,0.6148479575157165,0.7550886185646057,1.0,1.0,1.0,0.7957983016967773,0.7923252582550049,78.04499999999999,89.0,83.0,0.5240028500556946,0.4656164813810028,1.0,1.0,1.0,0.11672759056091309,0.06230592727661133,86.0
82.22946446378467,84.82714324052446,0.9487236352034019,1.0,6.802217436954379,14.054673671722412,79.81,76.15,0.6017894536018371,0.7707288112640381,1.0,1.0,1.0,0.7976672649383545,0.7635095119476318,77.98,92.0,90.0,0.39678771056234835,0.3159068112261593,1.0,1.0,1.0,0.111175537109375,0.06170058250427246,91.0
83.25379187746329,85.87863089821555,0.8933077988795526,1.0,7.075014949776232,14.01120400428772,79.3,77.38,0.6263828148841858,0.7469833727836609,1.0,1.0,1.0,0.8226158618927002,0.8200430870056152,78.34,90.0,90.0,0.33737548150122165,0.30837421260774134,1.0,1.0,1.0,0.10442090034484863,0.0608823299407959,90.0
83.73685532495398,86.53241571482562,0.8591418619268835,1.0,7.300873727537692,14.559277772903442,80.8,79.23,0.6015118373870849,0.6583131045341492,1.0,1.0,1.0,0.8227336406707764,0.7552759647369385,80.015,94.0,84.0,0.23989644833956844,0.42397048487327993,1.0,1.0,1.0,0.12254858016967773,0.060608863830566406,89.0
84.86982362676369,87.3763217999291,0.8035694362640992,1.0,7.561119339428842,14.651195526123047,82.53,81.42,0.5189798142433166,0.5797970336914062,1.0,1.0,1.0,0.9297630786895752,0.8658204078674316,81.975,92.0,96.0,0.26934274825500326,0.23209828212857248,1.0,1.0,1.0,0.1053462028503418,0.061072349548339844,94.0
85.4518276414859,88.1135272466877,0.7609236658993207,1.0,7.775985484942794,14.004562139511108,81.91,78.5,0.5453690705776214,0.6618519665718079,1.0,1.0,1.0,0.8174479007720947,0.7824041843414307,80.205,95.0,88.0,0.2831695921649225,0.4019141230732203,1.0,1.0,1.0,0.10306143760681152,0.07496762275695801,91.5
86.05711204538578,88.46078982579112,0.7342332598876098,1.0,8.034066232852638,14.057873725891113,82.32,79.83,0.5766047151565552,0.6466237551689148,1.0,1.0,1.0,0.7799501419067383,0.7846131324768066,81.07499999999999,93.0,85.0,0.25536743490374647,0.4092450409103185,1.0,1.0,1.0,0.10721373558044434,0.06303620338439941,89.0
86.46645525200877,89.15531510122301,0.7052620842041646,1.0,8.351233314722776,14.748530149459839,79.05,80.78,0.7248876123428345,0.613429130935669,1.0,1.0,1.0,0.8148288726806641,0.7607121467590332,79.91499999999999,96.0,93.0,0.13576222613453864,0.3039960638992488,1.0,1.0,1.0,0.10492610931396484,0.060938358306884766,94.5
87.07755965307337,89.8653603137379,0.6675900356717666,1.0,8.567276646383107,14.3336181640625,83.58,81.15,0.5257541646957398,0.5962246545791626,1.0,1.0,1.0,0.8668723106384277,0.7636983394622803,82.36500000000001,96.0,91.0,0.15178940293495544,0.34169589780271054,1.0,1.0,1.0,0.10586977005004883,0.06152701377868652,93.5
87.84580533544171,90.52496554756897,0.6246428979267384,1.0,8.755326557904482,14.081835508346558,83.73,81.14,0.5584155886650085,0.5787968811988831,1.0,1.0,1.0,0.8567485809326172,0.8030698299407959,82.435,95.0,90.0,0.1778570732823573,0.3616575379297137,1.0,1.0,1.0,0.10373353958129883,0.06122994422912598,92.5
88.20858792977815,91.0759296881252,0.5986584385286984,1.0,8.983253398910165,14.262028217315674,82.95,78.16,0.5824451976299286,0.6642603574752808,1.0,1.0,1.0,0.8110406398773193,0.7810454368591309,80.555,97.0,89.0,0.1037980706448434,0.42525007110089064,1.0,1.0,1.0,0.10507321357727051,0.06041288375854492,93.0
88.6489711766359,91.29903142247707,0.578728179181431,1.0,9.20478398911655,14.338497161865234,84.47,78.85,0.5357178411960601,0.694251714515686,1.0,1.0,1.0,0.8391387462615967,0.8159036636352539,81.66,98.0,82.0,0.07450579649652354,0.6495134241133929,1.0,1.0,1.0,0.10811090469360352,0.06088995933532715,90.0
88.9496733583653,91.43095241649203,0.5598054280774084,1.0,9.347653620876372,14.514428615570068,82.88,78.63,0.6107626644134522,0.678299980354309,1.0,1.0,1.0,0.8427302837371826,0.7975845336914062,80.755,96.0,83.0,0.17245550211751834,0.5014175958186388,1.0,1.0,1.0,0.10442805290222168,0.05046534538269043,89.5
89.33573637118566,91.8887959576752,0.5341838573066282,1.0,9.568988114595413,14.08530569076538,82.62,79.53,0.5763910022735595,0.6217501000404357,1.0,1.0,1.0,0.8990235328674316,0.8292567729949951,81.075,93.0,85.0,0.19343791783205233,0.5573533396795392,1.0,1.0,1.0,0.10474991798400879,0.05591392517089844,89.0
89.64613883473962,92.19919841146042,0.5213165561001981,1.0,9.762156662531197,14.156711101531982,83.64,73.68,0.6694433603286744,0.9092382944107056,1.0,1.0,1.0,0.8315925598144531,0.8149750232696533,78.66,96.0,80.0,0.10929820113735332,0.6877461400814354,1.0,1.0,1.0,0.10434198379516602,0.053312063217163086,88.0
90.11756238558839,92.87044368846469,0.48843612688833254,1.0,9.899130730889738,14.299520254135132,85.18,78.12,0.5723238832473755,0.7329296737670898,1.0,1.0,1.0,0.8732666969299316,0.8181061744689941,81.65,98.0,83.0,0.08780052899751353,0.6117637411877513,1.0,1.0,1.0,0.108154296875,0.06369209289550781,90.5
90.38916446426919,92.9383442252302,0.4835443942403366,1.0,10.0106583815068,13.781921625137329,84.84,79.94,0.6186883195877075,0.6237294847488404,1.0,1.0,1.0,0.7896881103515625,0.7699012756347656,82.39,96.0,83.0,0.14049864169763168,0.5421672423928976,1.0,1.0,1.0,0.10384011268615723,0.06235980987548828,89.5
90.59480600198313,93.27978693416269,0.46108273646666664,1.0,10.17703422345221,14.053290128707886,84.4,78.12,0.5999605421066284,0.7171370595932007,1.0,1.0,1.0,0.8189435005187988,0.857964277267456,81.26,96.0,77.0,0.1508577504650748,0.7362320597469807,1.0,1.0,1.0,0.10500669479370117,0.06215047836303711,86.5
90.9828090203709,93.55138903238098,0.44237314462280153,1.0,10.338549827225506,14.185846090316772,83.01,78.29,0.6979732605934144,0.6757056558609009,1.0,1.0,1.0,0.8366930484771729,0.7873320579528809,80.65,96.0,83.0,0.09112312745216514,0.6057491441071033,1.0,1.0,1.0,0.1085362434387207,0.07699084281921387,89.5
91.48527286544194,94.10623341852205,0.4166732716651946,1.0,10.478865519165993,14.321178436279297,84.6,73.1,0.6679539005279541,0.9052649770736695,1.0,1.0,1.0,0.835078239440918,0.7656958103179932,78.85,98.0,73.0,0.06363843555736025,0.8656454227864743,1.0,1.0,1.0,0.10464262962341309,0.061701059341430664,85.5
91.52795323214366,94.13921367923673,0.4126165910753947,1.0,10.673959305509925,14.578770875930786,82.61,72.25,0.734561935710907,0.9245009349822998,1.0,1.0,1.0,0.8854944705963135,0.794957160949707,77.43,98.0,76.0,0.07512987665046239,0.7413580842316151,1.0,1.0,1.0,0.10427308082580566,0.08346271514892578,87.0
91.83835563708512,94.33321522262123,0.3925678419204436,1.0,10.764894009567797,14.25915813446045,84.68,76.56,0.6318177881240845,0.7539442544937134,1.0,1.0,1.0,0.8528616428375244,0.8416988849639893,80.62,100.0,78.0,0.03088963542639249,0.6849472101964057,1.0,1.0,1.0,0.10342192649841309,0.06143689155578613,89.0
91.97027667994384,94.76777866768929,0.38299438840066885,1.0,10.930841017514467,14.265573263168335,83.7,75.49,0.6823771114349365,0.7956912828445435,1.0,1.0,1.0,0.9240982532501221,0.86946702003479,79.595,99.0,75.0,0.037121840496738515,0.8661648623645306,1.0,1.0,1.0,0.10512256622314453,0.06012988090515137,87.0
92.41260009843775,94.9016396965779,0.3643401690905439,1.0,10.986923191696405,14.141093969345093,82.22,74.76,0.7805271054267884,0.8316781240463257,1.0,1.0,1.0,0.8528661727905273,0.7973709106445312,78.49000000000001,94.0,75.0,0.167951880988403,0.8299668195471167,1.0,1.0,1.0,0.10471391677856445,0.061125755310058594,84.5
92.47080053898497,94.99476043271346,0.36025677339940615,1.0,11.080570936203003,13.805023908615112,84.98,74.73,0.6705402526855468,0.8257136699676514,1.0,1.0,1.0,0.8334453105926514,0.7815055847167969,79.855,97.0,71.0,0.08675816166384437,0.8934173441678286,1.0,1.0,1.0,0.12704706192016602,0.06821060180664062,84.0
92.82776337060672,95.38664353061729,0.33885431932655097,1.0,11.141024183481932,14.322126150131226,83.03,75.65,0.7991679204940796,0.765638232421875,1.0,1.0,1.0,0.8752162456512451,0.8099331855773926,79.34,97.0,66.0,0.13009629406559498,1.080918723270297,1.0,1.0,1.0,0.10760068893432617,0.06297421455383301,81.5
92.98490460306674,95.57676503356073,0.3303562516725781,1.0,11.266690497286618,14.375082969665527,84.82,73.51,0.7476383343696594,0.8853698358535766,1.0,1.0,1.0,0.8174195289611816,0.7826013565063477,79.16499999999999,97.0,65.0,0.09339035035984125,1.1621256276033818,1.0,1.0,1.0,0.10700821876525879,0.0640859603881836,81.0
93.09548547722771,95.37306343303294,0.3323848140873158,1.0,11.373657381162047,14.331860065460205,83.98,73.76,0.7874186643600464,0.8840524082183838,1.0,1.0,1.0,0.9753670692443848,0.8412139415740967,78.87,97.0,66.0,0.07092834510281136,1.193896485120058,1.0,1.0,1.0,0.10544252395629883,0.06068730354309082,81.5
93.48930856116145,95.69510596906635,0.3109010375854911,1.0,11.542473547160625,14.527723789215088,85.15,69.98,0.7441145671844482,1.0165349142074585,1.0,1.0,1.0,0.8181324005126953,0.7802019119262695,77.565,99.0,57.0,0.04619993705447996,1.3745655477046967,1.0,1.0,1.0,0.10416054725646973,0.06003689765930176,78.0
93.39424780968973,95.61750535562005,0.3134609271084148,1.0,11.553424484096467,14.57628345489502,83.53,68.42,0.7975976307868957,1.1230302528381348,1.0,1.0,1.0,0.7944362163543701,0.8285768032073975,75.975,98.0,63.0,0.07164161736320232,1.4746925925742835,1.0,1.0,1.0,0.10385847091674805,0.0599365234375,80.5
93.80747106652254,96.07340896938582,0.29015748008188913,1.0,11.616951803676784,15.01729941368103,83.83,68.38,0.9213815540313721,1.1140398166656493,1.0,1.0,1.0,0.8314945697784424,0.783414363861084,76.10499999999999,97.0,58.0,0.05940834314432543,1.4985744991153478,1.0,1.0,1.0,0.10595345497131348,0.06341791152954102,77.5
93.63092970023845,96.08504905163402,0.2951370987864676,1.0,11.691384363919497,14.362631797790527,86.04,67.3,0.6748512886047363,1.092322486114502,1.0,1.0,1.0,0.8119029998779297,0.7546334266662598,76.67,99.0,63.0,0.035579827614458284,1.0700259797275067,1.0,1.0,1.0,0.1052541732788086,0.05802607536315918,81.0
94.12563359142113,96.13936948104643,0.2819418711981303,1.0,11.832693800330162,14.069108486175537,83.97,67.0,0.8435675495147705,1.154592693901062,1.0,1.0,1.0,0.8369390964508057,0.8311598300933838,75.485,98.0,56.0,0.0298186817707699,1.6796338998526334,1.0,1.0,1.0,0.11867547035217285,0.07062578201293945,77.0
93.9995325945709,96.47111210352938,0.27430229608766094,1.0,11.786230848170817,14.698078632354736,84.21,61.77,0.7515796834945678,1.421711474609375,1.0,1.0,1.0,0.8418924808502197,0.834526538848877,72.99,97.0,42.0,0.07158729226472133,1.8381429559458047,1.0,1.0,1.0,0.12549424171447754,0.060909271240234375,69.5
94.17995403060229,96.478872164874,0.26674724648803205,1.0,11.912318172864616,14.932508707046509,85.72,65.54,0.6787857805252075,1.204862532043457,1.0,1.0,1.0,0.8894455432891846,0.8314814567565918,75.63,100.0,56.0,0.027715758647852837,1.5199013905972243,1.0,1.0,1.0,0.12286758422851562,0.05942511558532715,78.0
94.29053488522577,96.52737254827795,0.2603231803841994,1.0,11.986606361344457,15.367584228515625,85.32,64.69,0.8345211261749268,1.2957782012939454,1.0,1.0,1.0,0.8359730243682861,0.9055733680725098,75.005,98.0,55.0,0.07554361586327558,1.5079381216317416,1.0,1.0,1.0,0.10737371444702148,0.06155085563659668,76.5
94.33709525329355,96.71361402054907,0.2601555362534584,1.0,12.111824605613947,15.331052780151367,83.5,70.23,0.8563415315628051,0.9672658517837525,1.0,1.0,1.0,0.954312801361084,0.7718853950500488,76.86500000000001,98.0,52.0,0.07952699380301055,1.3188358668982982,1.0,1.0,1.0,0.10374569892883301,0.053815603256225586,75.0
94.64749768754126,96.88239535479478,0.24247555647441277,1.0,12.154575037769973,14.519088506698608,85.38,67.75,0.7645653120040894,1.094509702682495,1.0,1.0,1.0,0.8491172790527344,0.7947680950164795,76.565,100.0,55.0,0.01806230921677525,1.423363507091999,1.0,1.0,1.0,0.1065826416015625,0.06231975555419922,77.5
94.85313931317397,96.98909619828345,0.23692126589303744,1.0,12.131139950826764,14.22653579711914,83.31,68.42,0.8669631016254425,1.1141456958770752,1.0,1.0,1.0,0.8181130886077881,0.7936074733734131,75.86500000000001,98.0,57.0,0.04833716377103855,1.4195010286569596,1.0,1.0,1.0,0.10468530654907227,0.060906171798706055,77.5
95.06072095414282,96.82419489471006,0.2368442390433652,1.0,12.201192382723093,14.326650142669678,83.4,69.83,0.911373935508728,1.021107806968689,1.0,1.0,1.0,0.8655965328216553,0.7945301532745361,76.61500000000001,99.0,59.0,0.045601681834266966,1.4494297236669809,1.0,1.0,1.0,0.1064603328704834,0.06145620346069336,79.0
94.94432003397337,97.155937517193,0.2297812760920859,1.0,12.250876378268003,14.784394264221191,84.07,65.83,0.9184086332321167,1.1992480953216553,1.0,1.0,1.0,0.8779551982879639,0.8504791259765625,74.94999999999999,99.0,53.0,0.02982071128854159,1.6732222570478916,1.0,1.0,1.0,0.11884212493896484,0.05894017219543457,76.0
95.21010213502696,97.26263836068166,0.21727572298977194,1.0,12.265542425215244,14.117927074432373,84.4,67.09,0.8990332534790039,1.1302589431762695,1.0,1.0,1.0,0.9159138202667236,0.8549392223358154,75.745,98.0,54.0,0.06891064008883177,1.415765489935875,1.0,1.0,1.0,0.1110084056854248,0.05995488166809082,76.0
95.1305615062445,97.29561862139634,0.22058324173579372,1.0,12.224202156066895,14.647723913192749,84.78,66.0,0.838555358505249,1.1802362762451173,1.0,1.0,1.0,0.9024274349212646,0.8254134654998779,75.39,99.0,45.0,0.038300156809913236,1.7103109589219094,1.0,1.0,1.0,0.10762357711791992,0.06313633918762207,72.0
95.309042917171,97.23741816131162,0.2187251264179333,1.0,12.312098884023726,14.686281681060791,85.37,67.04,0.7443772230148316,1.0716527767181396,1.0,1.0,1.0,0.9347381591796875,0.8677244186401367,76.20500000000001,98.0,49.0,0.06908180313609591,1.5300824242830275,1.0,1.0,1.0,0.1078348159790039,0.05159902572631836,73.5
95.39052356128961,97.22189803862236,0.21236813345997954,1.0,12.329391688108444,14.910181522369385,85.45,60.55,0.7981165877342224,1.4601773281097412,1.0,1.0,1.0,0.8546380996704102,0.830176830291748,73.0,100.0,53.0,0.010690958633880357,1.8157177498936654,1.0,1.0,1.0,0.10825467109680176,0.06192803382873535,76.5
95.39634361706683,97.41589957223812,0.20605326357098455,1.0,12.353107513859868,15.008719444274902,85.21,60.41,0.8603531307220459,1.3479690830230713,1.0,1.0,1.0,0.8713967800140381,0.837212085723877,72.81,96.0,47.0,0.17599185028566353,1.8317662206292153,1.0,1.0,1.0,0.103759765625,0.06213235855102539,71.5
95.69122593839404,97.56140072244993,0.19856676511065832,1.0,12.344470193609595,14.771061658859253,85.12,59.16,0.934880372428894,1.4474991535186768,1.0,1.0,1.0,0.8147201538085938,0.8342657089233398,72.14,99.0,41.0,0.01758995357953154,1.9026440250873566,1.0,1.0,1.0,0.11549258232116699,0.060086965560913086,70.0
95.5030444605555,97.29367860606018,0.2068313449268228,1.0,12.356172569096088,14.404100179672241,85.11,66.85,0.9217556659698486,1.055639768600464,1.0,1.0,1.0,0.8778550624847412,0.8404161930084229,75.97999999999999,98.0,51.0,0.05698407319949126,1.3836671805381775,1.0,1.0,1.0,0.10505390167236328,0.060362815856933594,74.5
95.64466557032625,97.61572115186235,0.1973592131476129,1.0,12.477529734373093,14.870841264724731,84.69,66.0,0.9344418714523316,1.1367421941757203,1.0,1.0,1.0,0.8199069499969482,0.8159406185150146,75.345,97.0,50.0,0.10243465246973266,1.7126198580861092,1.0,1.0,1.0,0.12651729583740234,0.06847906112670898,73.5
95.6427255549901,97.57304081446688,0.19586555178011272,1.0,12.478768208995461,14.132031440734863,84.24,64.22,0.9855246185302734,1.1700956239700318,1.0,1.0,1.0,0.858649730682373,0.8232543468475342,74.22999999999999,99.0,38.0,0.010653918666939361,1.7962502509355545,1.0,1.0,1.0,0.13068294525146484,0.05884718894958496,68.5
95.59422517158616,97.47022000165053,0.19887914004641444,1.0,12.515392936766148,14.351226091384888,83.9,58.28,1.0143484805583953,1.53163076171875,1.0,1.0,1.0,0.947547197341919,0.8351812362670898,71.09,91.0,46.0,0.38564662350295975,1.7832344895601273,1.0,1.0,1.0,0.10341453552246094,0.06140923500061035,68.5
96.0637088829363,97.79420256278884,0.18077452878602487,1.0,12.515966912731528,14.5222909450531,84.37,59.19,1.0532889570236206,1.5325202960968018,1.0,1.0,1.0,0.8601782321929932,0.7806344032287598,71.78,96.0,53.0,0.153935051046833,1.6890852919220924,1.0,1.0,1.0,0.1041867733001709,0.061486005783081055,74.5
95.57676504332949,97.67974165795555,0.19180961115173661,1.0,12.626065950840712,14.367512941360474,83.43,62.36,1.1431278675079346,1.3072901626586915,1.0,1.0,1.0,0.8089678287506104,0.7992703914642334,72.89500000000001,97.0,43.0,0.16024434288689918,1.9199785408377648,1.0,1.0,1.0,0.11030769348144531,0.06220698356628418,70.0
95.96670811612842,97.89702337560519,0.1768152949193948,1.0,12.630571017041802,14.483749866485596,85.9,55.5,0.8752776993751525,1.7858969432830811,1.0,1.0,1.0,0.8773252964019775,0.8519008159637451,70.7,98.0,52.0,0.07214146963669683,1.8447002272307873,1.0,1.0,1.0,0.10438823699951172,0.057557106018066406,75.0
95.89298753335443,97.60990110585388,0.18602250854361913,1.0,12.519006576389074,13.639606475830078,84.9,61.26,0.9628518695354462,1.2998796821594238,1.0,1.0,1.0,0.9042797088623047,0.7640852928161621,73.08,98.0,48.0,0.03489508482857445,1.773896931707859,1.0,1.0,1.0,0.11542892456054688,0.056149959564208984,73.0
96.08504905163402,97.86404311489052,0.17809594998782485,1.0,12.63389204442501,14.740724802017212,86.45,60.89,0.9394340538024902,1.4397938621520996,1.0,1.0,1.0,0.8301827907562256,0.8344399929046631,73.67,100.0,45.0,0.004203421865802639,1.8556474554538727,1.0,1.0,1.0,0.10456633567810059,0.053822994232177734,72.5
96.0637088829363,97.65452145858549,0.18090902930948402,1.0,12.664065174758434,14.24512243270874,84.47,59.06,0.9935872524261474,1.3921782829284668,1.0,1.0,1.0,0.8322186470031738,0.8520851135253906,71.765,100.0,50.0,0.02408886170112794,1.7649726821482181,1.0,1.0,1.0,0.11289167404174805,0.06617188453674316,75.0
96.18398983377806,97.93388366699219,0.1717687726674289,1.0,12.60607879795134,14.429382085800171,85.11,51.19,1.122693939590454,1.819548140335083,1.0,1.0,1.0,0.9188358783721924,0.8329896926879883,68.15,99.0,43.0,0.04042909643212113,2.178009418100119,1.0,1.0,1.0,0.10718011856079102,0.06025409698486328,71.0
96.36441126004071,97.99790417308539,0.16398062896718021,1.0,12.609520329162478,14.08536410331726,85.13,61.37,1.0171875970840454,1.368094695663452,1.0,1.0,1.0,0.835639238357544,0.7898650169372559,73.25,97.0,51.0,0.09198475053100254,1.6651641455292703,1.0,1.0,1.0,0.10379195213317871,0.06231427192687988,74.0
96.36829129071303,98.18220563002036,0.15904690350063633,1.0,12.62963718175888,14.352337121963501,85.24,51.88,0.9319666358470917,1.8589440967559814,1.0,1.0,1.0,0.8565704822540283,0.7868382930755615,68.56,99.0,34.0,0.016935165018529687,2.6223244047164918,1.0,1.0,1.0,0.10402941703796387,0.062024831771850586,66.5
96.47111210352938,97.85628305354588,0.165220062216212,1.0,12.576369240880013,14.459025382995605,84.91,51.73,0.9621376789093018,1.764657975769043,1.0,1.0,1.0,0.9038200378417969,0.7833883762359619,68.32,93.0,44.0,0.24079863448961533,2.0459817206859587,1.0,1.0,1.0,0.10708212852478027,0.0620732307434082,68.5
96.31397086130062,97.95328382035376,0.16430282210227623,1.0,12.45217295922339,15.271424770355225,85.36,57.46,0.9545614035606385,1.5843598621368409,1.0,1.0,1.0,0.8157610893249512,0.8388667106628418,71.41,99.0,46.0,0.01726556029648805,1.9828647750616073,1.0,1.0,1.0,0.1083836555480957,0.059111595153808594,72.5
96.72331409722986,98.20548581405424,0.14875874036348277,1.0,12.520345352590084,14.340927600860596,84.92,48.59,1.0256488461494446,1.828789812850952,1.0,1.0,1.0,0.9021267890930176,0.7861061096191406,66.755,98.0,33.0,0.048783925234139644,2.1305650237202642,1.0,1.0,1.0,0.12725043296813965,0.09305739402770996,65.5
96.4517119501678,98.15698543065031,0.15784320645821345,1.0,12.51076404005289,14.180006504058838,83.98,54.76,1.0326432093620301,1.8037815174102783,1.0,1.0,1.0,0.8528149127960205,0.7994768619537354,69.37,97.0,36.0,0.06463122691732565,2.216379722058773,1.0,1.0,1.0,0.10520744323730469,0.0628049373626709,66.5
96.49245227222711,98.2074258293904,0.1534997409307392,1.0,12.641012642532587,14.648416757583618,85.65,53.92,1.0460228242874146,1.814372539138794,1.0,1.0,1.0,0.8384237289428711,0.7616426944732666,69.785,98.0,35.0,0.029472741225799837,2.3127134704589842,1.0,1.0,1.0,0.10590481758117676,0.062439680099487305,66.5
96.64183345311125,98.11818512392716,0.1504358314085041,1.0,12.52229086495936,14.227941036224365,84.83,50.9,0.9746363452911377,1.735878215789795,1.0,1.0,1.0,0.8456275463104248,0.8126511573791504,67.865,100.0,37.0,0.011618146648940382,2.3674484413862227,1.0,1.0,1.0,0.10530900955200195,0.062401771545410156,68.5
96.55453276298415,98.22100593674351,0.1507536983403655,1.0,12.535113064572215,14.617005586624146,84.12,44.51,1.1450113702774047,2.0353822803497312,1.0,1.0,1.0,0.8673496246337891,0.7868962287902832,64.315,100.0,37.0,0.010672734755706159,2.351515070348978,1.0,1.0,1.0,0.10771965980529785,0.07536101341247559,68.5
96.75241432727223,98.2307060134243,0.14751110007812326,1.0,12.5781256146729,14.05869436264038,85.85,52.71,1.0180773584365845,1.864965782546997,1.0,1.0,1.0,0.8860344886779785,0.8159289360046387,69.28,98.0,38.0,0.04251287468621129,2.1044579300284387,1.0,1.0,1.0,0.10689759254455566,0.06045842170715332,68.0
96.79703468000385,98.19190570670115,0.14817704577547489,1.0,12.661922175437212,13.50907850265503,84.79,40.11,1.0706544834136962,2.496836050796509,1.0,1.0,1.0,0.870764970779419,0.8179886341094971,62.45,97.0,26.0,0.1002343717996709,2.4816959926486017,1.0,1.0,1.0,0.10556197166442871,0.0626976490020752,61.5
96.83583498672701,98.16862552266726,0.14184740249177252,1.0,12.72038327343762,14.460470914840698,85.5,48.83,1.143941641998291,2.0364057537078857,1.0,1.0,1.0,0.9567732810974121,0.7877466678619385,67.16499999999999,96.0,43.0,0.09849754471203048,2.373666780591011,1.0,1.0,1.0,0.1064295768737793,0.060263633728027344,69.5
96.69033383651518,98.32770678023218,0.14725784557929952,1.0,12.660436244681478,14.759353399276733,85.74,50.19,1.117938784790039,1.927244994354248,1.0,1.0,1.0,0.8993875980377197,0.7749354839324951,67.965,100.0,36.0,0.008973145118261172,2.524930254817009,1.0,1.0,1.0,0.10561513900756836,0.06232786178588867,68.0
96.82807492538237,98.24040609010508,0.14314553897384263,1.0,12.588177684694529,14.527799606323242,86.52,41.8,0.9311792731285096,2.3500730834960937,1.0,1.0,1.0,0.83424973487854,0.7674176692962646,64.16,100.0,33.0,0.007928721281643902,2.3197501999139787,1.0,1.0,1.0,0.10552310943603516,0.06255555152893066,66.5
96.89209543147557,98.28308642750055,0.14146602331814517,1.0,12.605149362236261,14.343452215194702,85.44,46.83,1.0510413078308105,2.5434706588745115,1.0,1.0,1.0,0.923229455947876,0.7953011989593506,66.13499999999999,97.0,39.0,0.21015144729866775,2.572413892745972,1.0,1.0,1.0,0.10362029075622559,0.06082272529602051,68.0
96.91731563084562,98.36844710229148,0.1380303390968052,1.0,12.638207972049713,14.586703777313232,85.33,54.06,1.1241035026550292,1.723970367050171,1.0,1.0,1.0,0.8317475318908691,0.792874813079834,69.695,100.0,39.0,0.008924278274728295,2.17969644933939,1.0,1.0,1.0,0.1055765151977539,0.060367584228515625,69.5
96.88821540080326,98.26562628947514,0.14208871497749978,1.0,12.614571137353778,14.501813650131226,84.85,53.38,1.2619228511810303,1.692434439468384,1.0,1.0,1.0,0.8987863063812256,0.8522486686706543,69.115,99.0,39.0,0.033935791565513254,2.0479165118932725,1.0,1.0,1.0,0.10571789741516113,0.06093716621398926,69.0
96.90179550815635,98.23264602876046,0.14172739738887044,1.0,12.538521882146597,14.763883829116821,85.24,53.04,1.182689520072937,1.8322806720733642,1.0,1.0,1.0,0.8568029403686523,0.8233709335327148,69.14,99.0,45.0,0.032693398770377226,1.9395172315835953,1.0,1.0,1.0,0.10725212097167969,0.06216311454772949,72.0
96.86687523210553,98.25980624346666,0.1404865008997093,1.0,12.605218775570393,15.272171974182129,84.57,44.32,1.0220102333068848,2.277629334640503,1.0,1.0,1.0,0.8372478485107422,0.7775146961212158,64.445,100.0,32.0,0.010677104396147214,2.5199491780996324,1.0,1.0,1.0,0.10507988929748535,0.06248927116394043,66.0
97.09579704177212,98.33934687224912,0.1344011544313153,1.0,12.636464083567262,14.551756381988525,83.12,34.17,1.2929145693182946,2.695580181503296,1.0,1.0,1.0,0.8671276569366455,0.7974410057067871,58.645,95.0,25.0,0.13627721774744017,3.1368039792776106,1.0,1.0,1.0,0.1430816650390625,0.07726240158081055,60.0
97.07057684240206,98.37038711762764,0.1320622872725778,1.0,12.560016738250852,14.985620737075806,85.96,46.87,1.04771182346344,2.100815681838989,1.0,1.0,1.0,0.8141646385192871,0.7877588272094727,66.41499999999999,100.0,36.0,0.004098765640219924,2.508868338614702,1.0,1.0,1.0,0.10467743873596191,0.0623927116394043,68.0
97.09385702643596,98.47126791510783,0.1295195717075971,1.0,12.513188080862164,13.441936492919922,85.15,44.12,1.0919235162734986,2.4234036163330077,1.0,1.0,1.0,0.8337407112121582,0.8619706630706787,64.635,100.0,39.0,0.008578120238716949,2.6775066067278384,1.0,1.0,1.0,0.10526371002197266,0.060977935791015625,69.5
97.12295725647833,98.31218665754291,0.1369957740522358,1.0,12.473628113046288,14.652032136917114,86.01,49.16,0.9462395973205566,1.7749297393798829,1.0,1.0,1.0,0.8652441501617432,0.8113727569580078,67.58500000000001,96.0,40.0,0.0883346934464248,2.004393345117569,1.0,1.0,1.0,0.10370755195617676,0.05160212516784668,68.0
97.09579704177212,98.52170831384794,0.12946397463806575,1.0,12.530881777405739,14.710597038269043,84.32,44.49,1.2048686065673828,2.0872147518157957,1.0,1.0,1.0,0.9658780097961426,0.8283607959747314,64.405,95.0,30.0,0.1069701410569251,2.3252192199230195,1.0,1.0,1.0,0.10418915748596191,0.06306743621826172,62.5
97.12683728715064,98.3354668415768,0.13491800773612173,1.0,12.537630872800946,15.030783653259277,85.22,45.28,1.1183647064208984,2.081608066177368,1.0,1.0,1.0,0.8611211776733398,0.7678234577178955,65.25,97.0,37.0,0.1325288531401631,2.2844102405011655,1.0,1.0,1.0,0.1051323413848877,0.08107876777648926,67.0
97.08415694975517,98.28890647350902,0.13545264106925944,1.0,12.542029140517116,14.801027536392212,85.25,47.08,1.1388651487350463,2.2243411514282228,1.0,1.0,1.0,0.8394765853881836,0.7716000080108643,66.16499999999999,98.0,38.0,0.0941621599788084,2.306385783851147,1.0,1.0,1.0,0.12684106826782227,0.07728242874145508,68.0
97.17533767055458,98.48290800712478,0.1291192531879042,1.0,12.525829618796706,13.982945919036865,85.0,39.8,1.0553737659454345,2.313600635910034,1.0,1.0,1.0,0.8345663547515869,0.7896714210510254,62.4,99.0,26.0,0.024731743390018723,2.799391600489616,1.0,1.0,1.0,0.10428476333618164,0.060892343521118164,62.5
97.16369757853764,98.46156783842704,0.12950661380640524,1.0,12.541463125497103,14.60918140411377,85.1,46.69,1.1091973447799683,2.359386361694336,1.0,1.0,1.0,0.816969633102417,0.7802550792694092,65.895,98.0,39.0,0.04665239738250186,2.4871141761541367,1.0,1.0,1.0,0.1356959342956543,0.059984445571899414,68.5
97.21025794660541,98.54692851321798,0.12446792361358712,1.0,12.542221462354064,14.411070108413696,85.58,37.99,1.0681389650344848,2.5109065967559814,1.0,1.0,1.0,0.8478391170501709,0.8853731155395508,61.785,98.0,30.0,0.06122704290067901,2.7476556637883185,1.0,1.0,1.0,0.10558438301086426,0.06213831901550293,64.0
97.30143866740482,98.47708796111631,0.12674904668825307,1.0,12.552526667714119,15.041002035140991,85.63,39.53,1.0821474929809571,2.2666030086517335,1.0,1.0,1.0,0.911724328994751,0.797999382019043,62.58,97.0,32.0,0.05504648379006106,2.345997429639101,1.0,1.0,1.0,0.10787367820739746,0.06279921531677246,64.5
97.34217898946413,98.50230816048635,0.12057876918660465,1.0,12.45775637216866,14.138392210006714,86.79,39.77,0.9670071929931641,2.4604380058288573,1.0,1.0,1.0,0.9146406650543213,0.947199821472168,63.28,97.0,28.0,0.08486779887028546,2.539628284573555,1.0,1.0,1.0,0.10514211654663086,0.06094932556152344,62.5
97.37903928085112,98.46738788443552,0.1221303549790743,1.0,12.512753073126078,14.415844202041626,85.31,42.48,1.140531700897217,2.301029155731201,1.0,1.0,1.0,0.8609962463378906,0.7883994579315186,63.894999999999996,95.0,31.0,0.09525250876742732,2.480232591331005,1.0,1.0,1.0,0.11185169219970703,0.07180905342102051,63.0
98.79137044557383,99.28607435629401,0.05999440846922384,1.0,12.377506410703063,14.31105089187622,87.7,44.49,0.9863480461120605,2.2270291885375975,1.0,1.0,1.0,1.0033471584320068,0.7721147537231445,66.095,100.0,38.0,0.004568737767298217,2.4343265432119368,1.0,1.0,1.0,0.10554909706115723,0.06282830238342285,69.0
99.19489363549461,99.6158769634408,0.038889375992570065,1.0,12.26683659851551,14.683391332626343,88.05,45.8,0.9955873840332031,2.1444450901031495,1.0,1.0,1.0,0.8631508350372314,0.8369467258453369,66.925,100.0,41.0,0.00041220282142752753,2.394649422764778,1.0,1.0,1.0,0.10810637474060059,0.05968666076660156,70.5
99.31905461700869,99.6158769634408,0.03368446921316189,1.0,12.147835873998702,14.366579055786133,87.99,46.71,1.0342235092163086,2.1582961318969724,1.0,1.0,1.0,0.8295040130615234,0.8578572273254395,67.35,100.0,43.0,0.0011522897273355426,2.305761308670044,1.0,1.0,1.0,0.10456705093383789,0.06105494499206543,71.5
99.45097565986741,99.70899769957636,0.02855613218783192,1.0,12.020278898999095,14.530250787734985,87.83,46.81,1.05350920753479,2.150706237792969,1.0,1.0,1.0,0.8450307846069336,0.833545446395874,67.32,100.0,44.0,0.0005278042140160721,2.2771028161048887,1.0,1.0,1.0,0.10462617874145508,0.051180362701416016,72.0
99.46455576722052,99.70899769957636,0.026685065577473258,1.0,11.89022837486118,13.90450119972229,88.04,47.96,1.0643652885437012,2.127167023086548,1.0,1.0,1.0,0.8076176643371582,0.8518593311309814,68.0,100.0,44.0,0.001131458814026942,2.2176044657826424,1.0,1.0,1.0,0.10524177551269531,0.06162118911743164,72.0
99.5246962426414,99.75361805230798,0.024003603469721125,1.0,11.767637575045228,14.99962067604065,88.08,49.44,1.093822642326355,2.0484329654693605,1.0,1.0,1.0,0.8511462211608887,0.7906532287597656,68.75999999999999,100.0,44.0,0.0007923378288566596,2.162392360419035,1.0,1.0,1.0,0.12266826629638672,0.07172131538391113,72.0
99.55767650335608,99.76137811365263,0.022533033349910195,1.0,11.636542384512722,15.206224918365479,88.0,50.49,1.0997973987579346,1.975674906539917,1.0,1.0,1.0,0.8605682849884033,0.7951865196228027,69.245,100.0,45.0,0.00046762799784858086,2.144241889715195,1.0,1.0,1.0,0.10635614395141602,0.0557553768157959,72.5
99.61393694810464,99.78853832835883,0.02071943232895766,1.0,11.510338785126805,14.943769454956055,88.66,50.67,1.0707614395141603,1.9551675033569336,1.0,1.0,1.0,0.9182093143463135,0.8782052993774414,69.66499999999999,100.0,46.0,0.00019687241456814775,2.079241280257702,1.0,1.0,1.0,0.108154296875,0.06098771095275879,73.0
99.62557704012158,99.86031889579665,0.01842564495630525,1.0,11.3932767463848,13.434529066085815,88.33,51.75,1.0855413846969604,1.8780237167358398,1.0,1.0,1.0,0.828707218170166,0.7832255363464355,70.03999999999999,100.0,46.0,0.00013458085556429468,2.044740931689739,1.0,1.0,1.0,0.10540580749511719,0.0621037483215332,73.0
99.6022968560877,99.81569854306503,0.019413363471978716,1.0,11.270811839029193,13.759607076644897,88.28,53.84,1.0989557765960694,1.7243128437042237,1.0,1.0,1.0,0.8104791641235352,0.7720088958740234,71.06,100.0,47.0,0.00016069413795612774,1.9306629550457002,1.0,1.0,1.0,0.1054832935333252,0.06025958061218262,73.5
99.64885722415548,99.80599846638424,0.018674378054664875,1.0,11.159407746046782,13.426430463790894,88.33,54.06,1.09717248878479,1.7008625675201416,1.0,1.0,1.0,0.8136520385742188,0.7661535739898682,71.195,100.0,49.0,0.00020177498430527408,1.9037625727057457,1.0,1.0,1.0,0.11943793296813965,0.06152915954589844,74.5
99.69153756155094,99.83509869642661,0.01710032191579263,1.0,11.048916283994913,14.245538234710693,88.51,56.8,1.1025936851501466,1.6096424087524415,1.0,1.0,1.0,0.7896206378936768,0.7999298572540283,72.655,100.0,52.0,0.0001034597080023758,1.7685290068387984,1.0,1.0,1.0,0.10432767868041992,0.06233811378479004,76.0
99.66825737751705,99.83315868109045,0.016989612782394296,1.0,10.942426872439682,14.59761357307434,88.41,57.04,1.0846858291625976,1.5346116209030152,1.0,1.0,1.0,0.9027540683746338,0.8064181804656982,72.725,100.0,51.0,7.095156886286701e-05,1.7333105826377868,1.0,1.0,1.0,0.10413408279418945,0.062146902084350586,75.5
99.67795745419784,99.83703871176276,0.01669129309516189,1.0,10.829760341905057,14.65872859954834,88.48,57.3,1.090220042037964,1.52266138420105,1.0,1.0,1.0,0.8839640617370605,0.8274340629577637,72.89,100.0,53.0,0.0002731822247677229,1.6905634982138873,1.0,1.0,1.0,0.10673165321350098,0.06125235557556152,76.5
99.66825737751705,99.8486788037797,0.01705653698068224,1.0,10.72409532032907,14.716632604598999,88.34,57.02,1.1128555904388429,1.5605588310241698,1.0,1.0,1.0,0.922513484954834,0.8825864791870117,72.68,100.0,52.0,0.00016727035363764742,1.7220031535625457,1.0,1.0,1.0,0.10653853416442871,0.05598163604736328,76.0
99.74973802163568,99.86613894180513,0.014453342815541522,1.0,10.625432813540101,14.696047067642212,88.54,57.37,1.1069744344711303,1.5292540634155274,1.0,1.0,1.0,0.9246890544891357,0.8055002689361572,72.955,100.0,56.0,0.0002738895316294787,1.684563484787941,1.0,1.0,1.0,0.10502290725708008,0.05288982391357422,78.0
99.68571751554248,99.85449884978819,0.01519937753453332,1.0,10.521576693281531,14.725027799606323,88.8,58.3,1.0861870449066162,1.4732645654678345,1.0,1.0,1.0,0.8039371967315674,0.8609228134155273,73.55,100.0,57.0,7.161742452488796e-05,1.6623689213395119,1.0,1.0,1.0,0.10433530807495117,0.06078052520751953,78.5
99.77689823634188,99.88165906449439,0.013648125771942897,1.0,10.414604098536074,14.599247455596924,88.52,58.73,1.1370629611968994,1.4508037536621095,1.0,1.0,1.0,0.8783516883850098,0.7553675174713135,73.625,100.0,56.0,0.00017421889612251107,1.601849585622549,1.0,1.0,1.0,0.1052558422088623,0.0603179931640625,78.0
99.75555806764415,99.88747911050287,0.013221239291270719,1.0,10.318166410550475,14.684051036834717,88.76,59.61,1.0900464176177977,1.4325810764312745,1.0,1.0,1.0,0.8514678478240967,0.8255355358123779,74.185,100.0,54.0,0.00019634906356017724,1.5944146825373173,1.0,1.0,1.0,0.10855293273925781,0.06430315971374512,77.0
99.74003794495489,99.87389900314976,0.013932265842568353,1.0,10.221109976992011,15.20117998123169,88.48,61.74,1.0938500511169433,1.324820538520813,1.0,1.0,1.0,0.8571569919586182,0.782806396484375,75.11,100.0,59.0,0.00012953077885704544,1.5465680392831564,1.0,1.0,1.0,0.1051168441772461,0.061893463134765625,79.5
99.80017842037577,99.87001897247744,0.012980312414285631,1.0,10.123731800355017,14.457863092422485,88.74,61.47,1.0885718307495118,1.3704142824172973,1.0,1.0,1.0,0.9503152370452881,0.8288161754608154,75.10499999999999,100.0,58.0,0.00015336629531851999,1.539834845662117,1.0,1.0,1.0,0.10665273666381836,0.06367325782775879,79.0
99.77495822100572,99.87777903382208,0.012611881888117677,1.0,10.020223501138389,14.037399291992188,88.83,61.48,1.111716867828369,1.3759885879516602,1.0,1.0,1.0,0.8056719303131104,0.8129544258117676,75.155,100.0,58.0,0.00019491704023259616,1.5483115117251873,1.0,1.0,1.0,0.10818123817443848,0.06037330627441406,79.0
99.77883825167804,99.86613894180513,0.012444750048292005,1.0,9.926412278786302,14.359065055847168,88.56,61.93,1.13393087310791,1.3518969846725464,1.0,1.0,1.0,0.870969295501709,0.8100464344024658,75.245,100.0,58.0,9.97628328044442e-05,1.5211312118172646,1.0,1.0,1.0,0.10579514503479004,0.06354737281799316,79.0
99.77495822100572,99.90299923319212,0.012786872505898099,1.0,9.840745761059225,14.814071655273438,88.67,64.66,1.1265697414398192,1.209547900390625,1.0,1.0,1.0,0.8154358863830566,0.7857635021209717,76.66499999999999,100.0,56.0,0.000181767378832447,1.4615595072507859,1.0,1.0,1.0,0.10550117492675781,0.05998659133911133,78.0
99.77301820566956,99.88941912583901,0.0123900203208029,1.0,9.747821317985654,13.81092882156372,88.77,63.72,1.0941688930511475,1.2574366655349731,1.0,1.0,1.0,0.8402953147888184,0.8413083553314209,76.245,100.0,59.0,0.00011366304451073006,1.442296275049448,1.0,1.0,1.0,0.10629153251647949,0.06253814697265625,79.5
99.76913817499725,99.89523917184749,0.01235908559981433,1.0,9.656105705536902,15.499030113220215,88.78,63.45,1.1057709087371825,1.2922801393508911,1.0,1.0,1.0,0.879692554473877,0.8017945289611816,76.11500000000001,100.0,59.0,5.701209434270993e-05,1.4541626432910562,1.0,1.0,1.0,0.10676884651184082,0.06355929374694824,79.5
99.78271828235036,99.89911920251981,0.011468713383481596,1.0,9.568607164546847,15.204750776290894,88.58,63.71,1.1257792295455933,1.2613904918670655,1.0,1.0,1.0,0.845181941986084,0.7674720287322998,76.145,100.0,57.0,0.00034781956208647103,1.4654878314584494,1.0,1.0,1.0,0.10380411148071289,0.06209158897399902,78.5
99.79629838970345,99.90105921785596,0.011135523052873906,1.0,9.485497466288507,15.330539464950562,88.69,63.42,1.0979788608551024,1.3105980562210082,1.0,1.0,1.0,0.8313405513763428,0.8106799125671387,76.055,100.0,59.0,5.534660214046028e-05,1.4744142776727676,1.0,1.0,1.0,0.10477542877197266,0.06020045280456543,79.5
99.7807782670142,99.9126993098729,0.011459737978192946,1.0,9.394252523779869,15.940951347351074,88.9,64.61,1.0799385334014893,1.239324072265625,1.0,1.0,1.0,0.7994928359985352,0.8160543441772461,76.755,100.0,62.0,0.00012787585949084246,1.3900594699382782,1.0,1.0,1.0,0.10601806640625,0.06300473213195801,81.0
99.80599846638424,99.93015944789833,0.010703341722928576,1.0,9.314968101680279,15.830694675445557,88.59,66.67,1.169632275390625,1.1677625328063965,1.0,1.0,1.0,0.7951602935791016,0.8005640506744385,77.63,100.0,62.0,7.325488366412003e-05,1.3086857572570443,1.0,1.0,1.0,0.10427188873291016,0.05970573425292969,81.0
99.85643886512435,99.90493924852828,0.010316975930721764,1.0,9.23972291778773,15.481657981872559,88.92,67.11,1.1112195316314697,1.1684447639465332,1.0,1.0,1.0,0.8055517673492432,0.8012690544128418,78.015,100.0,62.0,0.00012052481915091562,1.325323155745864,1.0,1.0,1.0,0.10626697540283203,0.06275224685668945,81.0
99.8215185890735,99.9088192792006,0.010376972328669066,1.0,9.158082496374846,15.002722024917603,88.62,66.84,1.1378999168395996,1.1668985160827636,1.0,1.0,1.0,0.8202707767486572,0.789456844329834,77.73,100.0,63.0,0.00023344457035548772,1.3546172776818275,1.0,1.0,1.0,0.10625648498535156,0.0614011287689209,81.5
99.8486788037797,99.91463932520907,0.009776503954185355,1.0,9.079888402484357,14.93081545829773,88.67,67.69,1.1601059900283814,1.1271173400878907,1.0,1.0,1.0,0.8589715957641602,0.7602901458740234,78.18,100.0,68.0,0.0002132017558134436,1.2530570270121097,1.0,1.0,1.0,0.11144685745239258,0.06462693214416504,84.0
99.85061881911587,99.90687926386444,0.009726043743587895,1.0,9.000737736932933,15.212061166763306,88.65,66.15,1.1463866767883302,1.200446544456482,1.0,1.0,1.0,0.8683269023895264,0.7960536479949951,77.4,100.0,64.0,0.0002785244273304954,1.3256872614100574,1.0,1.0,1.0,0.10535264015197754,0.06159162521362305,82.0
99.82539861974581,99.92627941722601,0.00976803321978824,1.0,8.92443411424756,15.361334562301636,88.74,67.11,1.1617996021270751,1.1657138725280762,1.0,1.0,1.0,0.8103547096252441,0.8231160640716553,77.925,100.0,67.0,0.0002496639189549654,1.2916413196921348,1.0,1.0,1.0,0.15621137619018555,0.06111645698547363,83.5
99.83703871176276,99.92239938655369,0.009650685233116912,1.0,8.847776512615383,15.138781547546387,88.64,67.61,1.1174765281677246,1.1542880102157593,1.0,1.0,1.0,0.8255658149719238,0.7814035415649414,78.125,100.0,64.0,0.00022153219326874308,1.3455002434179186,1.0,1.0,1.0,0.10597467422485352,0.06419634819030762,82.0
99.82539861974581,99.90105921785596,0.010204747578845551,1.0,8.770184277556837,15.037901401519775,88.72,67.96,1.1580890449523926,1.1454573787689208,1.0,1.0,1.0,0.8694274425506592,0.7712581157684326,78.34,100.0,62.0,0.0009516113321556929,1.3278020123764873,1.0,1.0,1.0,0.10522294044494629,0.06039071083068848,81.0
99.8447987731074,99.92433940188985,0.009454740083083437,1.0,8.695073935203254,15.174142599105835,88.82,68.93,1.1262494693756104,1.1120361904144287,1.0,1.0,1.0,0.8604722023010254,0.8317747116088867,78.875,100.0,67.0,0.0002130335278651785,1.2866476378589868,1.0,1.0,1.0,0.10558533668518066,0.06063485145568848,83.5
99.8486788037797,99.92045937121755,0.00976075347903943,1.0,8.616431364789605,14.224216222763062,88.65,69.65,1.1124760013580322,1.0787834400177,1.0,1.0,1.0,0.9341204166412354,0.8604106903076172,79.15,100.0,69.0,0.00014451018590662555,1.256861429437995,1.0,1.0,1.0,0.1048128604888916,0.062175750732421875,84.5
99.84091874243508,99.91657934054523,0.009201726335151211,1.0,8.539499588310719,14.981605529785156,88.76,70.93,1.126427548980713,1.0126744623184205,1.0,1.0,1.0,0.823432207107544,0.8101146221160889,79.845,100.0,68.0,0.00018247936302621782,1.2167191891372204,1.0,1.0,1.0,0.1135251522064209,0.0580439567565918,84.0
99.83703871176276,99.9359794939068,0.008985643732917785,1.0,8.468021154403687,14.512025594711304,88.41,70.11,1.1696930059432984,1.0373186172485351,1.0,1.0,1.0,0.84712815284729,0.7931513786315918,79.25999999999999,100.0,67.0,0.00022546795919318186,1.1726435350254178,1.0,1.0,1.0,0.1052851676940918,0.06197953224182129,83.5
99.84091874243508,99.92045937121755,0.00885175303049596,1.0,8.397904846817255,14.222447872161865,89.01,70.25,1.1180849338531493,1.0485218105316163,1.0,1.0,1.0,0.864276647567749,0.8650460243225098,79.63,100.0,67.0,0.0005203729299436332,1.2071365500986575,1.0,1.0,1.0,0.10722208023071289,0.05088925361633301,83.5
99.85837888046049,99.94373955525143,0.008650579805680129,1.0,8.328797977417707,14.352967023849487,88.77,70.97,1.1182657726287841,1.0211135372161866,1.0,1.0,1.0,0.8633816242218018,0.7609870433807373,79.87,100.0,69.0,0.00030077356068971997,1.1389305525273086,1.0,1.0,1.0,0.10599470138549805,0.06219482421875,84.5
99.81569854306503,99.93985952457912,0.00944393897261715,1.0,8.25593714043498,14.309753179550171,88.75,71.85,1.1390136047363282,0.971198743057251,1.0,1.0,1.0,0.7878468036651611,0.7590177059173584,80.3,100.0,68.0,0.0006226031341752502,1.154875348508358,1.0,1.0,1.0,0.10434865951538086,0.06076931953430176,84.0
99.87583901848592,99.93985952457912,0.008370412306029978,1.0,8.19480116199702,14.75087833404541,89.01,72.61,1.1271900913238526,0.9461844318389893,1.0,1.0,1.0,0.8057839870452881,0.8379683494567871,80.81,100.0,70.0,0.00031714472112113866,1.0819379031844436,1.0,1.0,1.0,0.11098122596740723,0.06490969657897949,85.0
99.8486788037797,99.91075929453675,0.009085803348700744,1.0,8.129894928075373,13.716111660003662,89.22,73.0,1.082836763381958,0.9383201120376586,1.0,1.0,1.0,0.8598790168762207,0.8056418895721436,81.11,100.0,71.0,0.0002217544609179356,1.0871835627406836,1.0,1.0,1.0,0.10529422760009766,0.060210227966308594,85.5
99.88359907983055,99.9359794939068,0.007790430172462948,1.0,8.063101752661169,14.309566020965576,89.18,72.68,1.085159939956665,0.9517962240219117,1.0,1.0,1.0,0.8251891136169434,0.7504839897155762,80.93,100.0,65.0,9.3729450879394e-05,1.171893526017666,1.0,1.0,1.0,0.10739326477050781,0.07936382293701172,82.5
99.87389900314976,99.94761958592375,0.007870506381206977,1.0,7.994738884270191,14.391393661499023,89.4,71.18,1.0526113475799561,1.0120116329193116,1.0,1.0,1.0,0.8197641372680664,0.7573730945587158,80.29,100.0,66.0,0.00014001085315832996,1.1800248465687035,1.0,1.0,1.0,0.10436797142028809,0.06059908866882324,83.0
99.86419892646897,99.9359794939068,0.00811115882121919,1.0,7.923352546989918,14.581062316894531,89.02,72.18,1.0923715049743652,0.9875660020828247,1.0,1.0,1.0,0.7849488258361816,0.9028458595275879,80.6,100.0,67.0,0.00012337632515190932,1.1045634460635483,1.0,1.0,1.0,0.12026309967041016,0.0620121955871582,83.5
99.86031889579665,99.93403947857064,0.008026913099139827,1.0,7.854436012916267,14.146830558776855,89.16,73.88,1.083143176651001,0.9057153270721435,1.0,1.0,1.0,0.7797894477844238,0.8141055107116699,81.52,100.0,71.0,0.00011683056048866547,1.0288068730011581,1.0,1.0,1.0,0.1061091423034668,0.06227540969848633,85.5
99.86419892646897,99.9359794939068,0.00799071717859832,1.0,7.827779662795365,14.81889533996582,88.84,74.2,1.100199853515625,0.8921006551742554,1.0,1.0,1.0,0.8570454120635986,0.77764892578125,81.52000000000001,100.0,70.0,9.905469846771097e-05,1.0355264802277089,1.0,1.0,1.0,0.10492920875549316,0.06163811683654785,85.0
99.86419892646897,99.94761958592375,0.007727441504861797,1.0,7.820696101523936,14.387223243713379,89.21,73.5,1.0712326656341553,0.9286569137573242,1.0,1.0,1.0,0.8623867034912109,0.7128677368164062,81.35499999999999,100.0,71.0,0.00010604624481786118,1.0477744482457638,1.0,1.0,1.0,0.10515141487121582,0.06255602836608887,85.5
99.86419892646897,99.93985952457912,0.007530184521190923,1.0,7.813946196809411,15.265860080718994,89.15,74.42,1.083504764175415,0.8863228210449219,1.0,1.0,1.0,0.8107995986938477,0.7528908252716064,81.785,100.0,71.0,8.376888741182142e-05,1.0179892475996166,1.0,1.0,1.0,0.10429096221923828,0.06129121780395508,85.5
99.86031889579665,99.9495596012599,0.007545191851854008,1.0,7.80690819490701,15.063004970550537,89.03,74.08,1.0808079212188721,0.9062904108047485,1.0,1.0,1.0,0.8031516075134277,0.8111176490783691,81.555,100.0,71.0,0.00011298147881795728,1.010710833054036,1.0,1.0,1.0,0.1056973934173584,0.0607907772064209,85.5
99.85837888046049,99.95343963193221,0.007275342013743985,1.0,7.799657278694212,15.799311399459839,89.04,74.03,1.0891529745101929,0.909410279083252,1.0,1.0,1.0,0.8561410903930664,0.7932560443878174,81.535,100.0,72.0,0.00017857161752104388,0.9918448333255947,1.0,1.0,1.0,0.10577630996704102,0.06250667572021484,86.0
99.90105921785596,99.95149961659607,0.007339882163487276,1.0,7.792731631547213,14.781652927398682,89.2,73.67,1.0941201499938964,0.9137231147766113,1.0,1.0,1.0,0.8034734725952148,0.8226487636566162,81.435,100.0,72.0,6.508916759933925e-05,1.0476059158798308,1.0,1.0,1.0,0.1047210693359375,0.06196451187133789,86.0
99.88941912583901,99.95537964726837,0.006741318588750109,1.0,7.785997946746647,14.949004173278809,89.02,73.67,1.0769810710906982,0.9249643047332764,1.0,1.0,1.0,0.8565928936004639,0.7747766971588135,81.345,100.0,71.0,8.924749703616897e-05,1.0456120201572776,1.0,1.0,1.0,0.1056976318359375,0.06284260749816895,85.5
99.87001897247744,99.94567957058759,0.0073324156365345864,1.0,7.779390902258456,14.798580884933472,89.15,74.3,1.1011315351486206,0.8917566371917724,1.0,1.0,1.0,0.8780603408813477,0.8227839469909668,81.725,100.0,71.0,0.00011834655117212378,1.0251036958023905,1.0,1.0,1.0,0.1057894229888916,0.0544741153717041,85.5
99.86613894180513,99.94373955525143,0.007632393527391579,1.0,7.772887285798788,15.501643657684326,89.05,74.19,1.086517744064331,0.891472885131836,1.0,1.0,1.0,0.8555967807769775,0.825979471206665,81.62,100.0,70.0,0.00012554435968461063,1.006342676244676,1.0,1.0,1.0,0.10607790946960449,0.06189250946044922,85.0
99.88359907983055,99.95537964726837,0.0072781847684126036,1.0,7.765957646071911,14.892757177352905,89.24,73.47,1.0577683582305908,0.9363911838531495,1.0,1.0,1.0,0.862656831741333,0.849367618560791,81.35499999999999,100.0,70.0,7.336508792029406e-05,1.0734664380550385,1.0,1.0,1.0,0.10778689384460449,0.06151700019836426,85.0
99.92239938655369,99.9495596012599,0.0070879677791097296,1.0,7.758581535890698,15.08634614944458,89.03,74.37,1.1036812725067138,0.8886286628723145,1.0,1.0,1.0,0.8684983253479004,0.8079714775085449,81.7,100.0,71.0,8.807626180548311e-05,0.9901436113379896,1.0,1.0,1.0,0.10848474502563477,0.06699252128601074,85.5
99.89135914117517,99.95149961659607,0.007297314435968258,1.0,7.751322537660599,15.277903079986572,89.29,74.18,1.093067317199707,0.9001633907318115,1.0,1.0,1.0,0.8817105293273926,0.8769721984863281,81.73500000000001,100.0,70.0,0.00010708363525473884,1.0047259522415697,1.0,1.0,1.0,0.10667300224304199,0.061368465423583984,85.0
99.9088192792006,99.9495596012599,0.006600514378651462,1.0,7.745112391188741,14.225831031799316,89.15,74.69,1.0918106243133545,0.877620069694519,1.0,1.0,1.0,0.8338007926940918,0.7905547618865967,81.92,100.0,70.0,0.000301354341430482,1.0073504627216607,1.0,1.0,1.0,0.10453653335571289,0.061997175216674805,85.0
99.89911920251981,99.94373955525143,0.007043834773860287,1.0,7.738892576657236,14.349937915802002,89.26,74.47,1.094220789718628,0.8965979024887085,1.0,1.0,1.0,0.8192629814147949,0.7509200572967529,81.86500000000001,100.0,71.0,6.777688062555853e-05,0.9935027885437012,1.0,1.0,1.0,0.10691714286804199,0.06353068351745605,85.5
99.90105921785596,99.94373955525143,0.00680208708316585,1.0,7.731786405667663,14.68991470336914,89.2,74.84,1.079962205505371,0.8698333990097046,1.0,1.0,1.0,0.8748865127563477,0.7935080528259277,82.02000000000001,100.0,72.0,9.394125401222197e-05,0.9750531657040119,1.0,1.0,1.0,0.10507535934448242,0.06301665306091309,86.0
99.90299923319212,99.95343963193221,0.006753429629981265,1.0,7.724463597871363,14.459277391433716,89.33,74.24,1.0902721151351928,0.9002319074630737,1.0,1.0,1.0,0.8405845165252686,0.7748076915740967,81.785,100.0,71.0,0.00011697962752528212,0.988157053515315,1.0,1.0,1.0,0.10567402839660645,0.050910234451293945,85.5
99.89329915651133,99.95149961659607,0.006966756289502428,1.0,7.717100318521261,14.559386968612671,89.26,74.21,1.0749339973449707,0.8992769525527954,1.0,1.0,1.0,0.879875898361206,0.7933883666992188,81.735,100.0,72.0,0.0001634744126513965,0.9990000397711992,1.0,1.0,1.0,0.10423588752746582,0.05976605415344238,86.0
99.9088192792006,99.9592596779407,0.006853496888503384,1.0,7.71057896874845,14.675190925598145,89.17,75.68,1.0941472324371337,0.8322332118988037,1.0,1.0,1.0,0.7939743995666504,0.8788261413574219,82.42500000000001,100.0,73.0,0.00011307444210082452,0.94566047584638,1.0,1.0,1.0,0.10627937316894531,0.05238008499145508,86.5
99.88941912583901,99.9495596012599,0.007109612146292296,1.0,7.703998537734151,14.711620092391968,89.12,75.33,1.0936752256393432,0.8425955369949341,1.0,1.0,1.0,0.8540835380554199,0.7724201679229736,82.225,100.0,72.0,0.00016886482283737792,0.9388630322366953,1.0,1.0,1.0,0.10477662086486816,0.0603632926940918,86.0
99.91463932520907,99.95343963193221,0.00645512859821102,1.0,7.6974403681233525,16.089441061019897,89.4,74.54,1.0781210632324219,0.8858276720046997,1.0,1.0,1.0,0.884030818939209,0.7485060691833496,81.97,100.0,72.0,0.00011039564826226923,0.9663984825462103,1.0,1.0,1.0,0.11142492294311523,0.06661438941955566,86.0
99.90687926386444,99.95731966260453,0.006410416766152855,1.0,7.690290836617351,15.630900382995605,89.31,74.92,1.095279369354248,0.8635651876449585,1.0,1.0,1.0,0.8583047389984131,0.831315279006958,82.11500000000001,100.0,71.0,0.0001259815443390977,0.970075092157349,1.0,1.0,1.0,0.1047968864440918,0.062067270278930664,85.5
99.9126993098729,99.95343963193221,0.006567165631641844,1.0,7.683695985004306,15.281619548797607,89.23,74.97,1.0825799865722656,0.8664559841156005,1.0,1.0,1.0,0.9007983207702637,0.844506025314331,82.1,100.0,71.0,0.0002278690095122471,0.9624413392087444,1.0,1.0,1.0,0.11143851280212402,0.06140327453613281,85.5
99.89329915651133,99.95149961659607,0.0065151764736795514,1.0,7.677706346847117,16.20257592201233,89.18,74.0,1.0735002225875854,0.9024286289215088,1.0,1.0,1.0,0.8962950706481934,1.014042615890503,81.59,100.0,71.0,0.0001308214657301221,1.0192292870394886,1.0,1.0,1.0,0.10762596130371094,0.060697078704833984,85.5
99.87583901848592,99.95731966260453,0.006739623862995126,1.0,7.671234401874244,14.409461736679077,89.27,74.68,1.0919703674316406,0.8771353210449219,1.0,1.0,1.0,1.0547189712524414,1.0088660717010498,81.975,100.0,72.0,0.0001383622765586523,0.9974467623978853,1.0,1.0,1.0,0.143035888671875,0.07110476493835449,86.0
99.9126993098729,99.95343963193221,0.006616051789731945,1.0,7.664137654006481,14.975404024124146,89.31,75.45,1.0756077524185181,0.8407820573806762,1.0,1.0,1.0,0.9340581893920898,0.9539945125579834,82.38,100.0,71.0,9.889389472391486e-05,0.9433315952308476,1.0,1.0,1.0,0.10818243026733398,0.06032395362854004,85.5
99.91075929453675,99.9728397852938,0.005827929138070078,1.0,7.657307739369571,14.665470600128174,89.18,75.65,1.1178206661224366,0.8394802337646484,1.0,1.0,1.0,0.9879186153411865,0.9676311016082764,82.415,100.0,74.0,0.00016595018518906102,0.9178483582194894,1.0,1.0,1.0,0.1076807975769043,0.06053304672241211,87.0
99.90105921785596,99.95731966260453,0.006253342466979203,1.0,7.6509779915213585,14.907304048538208,89.15,74.93,1.1164756505966187,0.8726440073013305,1.0,1.0,1.0,0.9744775295257568,0.9212799072265625,82.04,100.0,72.0,0.0003181374098547707,0.9570850464794785,1.0,1.0,1.0,0.10849142074584961,0.06195855140686035,86.0
99.9126993098729,99.96119969327685,0.006306212429601458,1.0,7.644048493355513,14.968157768249512,89.21,75.36,1.0879056142807007,0.846896940612793,1.0,1.0,1.0,0.9475491046905518,0.9231436252593994,82.285,100.0,73.0,0.00010573632648323894,0.9338234865479171,1.0,1.0,1.0,0.1081840991973877,0.0629415512084961,86.5
99.8855390951667,99.93403947857064,0.0073811811226999645,1.0,7.636718653142452,15.283804416656494,89.15,75.68,1.0929830671310425,0.8401496128082275,1.0,1.0,1.0,0.9441502094268799,0.9107248783111572,82.415,100.0,72.0,0.00011482668174068067,0.9252541851624847,1.0,1.0,1.0,0.10797595977783203,0.06200098991394043,86.0
99.90687926386444,99.96119969327685,0.006325569926627981,1.0,7.629936357028782,15.426331043243408,89.29,75.3,1.0831619915008546,0.8486062747955322,1.0,1.0,1.0,0.9681580066680908,1.0278804302215576,82.295,100.0,73.0,9.40264994336104e-05,0.9418015521485359,1.0,1.0,1.0,0.11932086944580078,0.06260943412780762,86.5
99.90299923319212,99.95731966260453,0.006568989311811478,1.0,7.623528570868075,15.0387122631073,89.32,75.08,1.079882943725586,0.8606913009643554,1.0,1.0,1.0,0.9040493965148926,1.0325937271118164,82.19999999999999,100.0,72.0,0.00017801236879464,0.9538757094368339,1.0,1.0,1.0,0.11104059219360352,0.062287092208862305,86.0
99.92045937121755,99.94761958592375,0.006839694912170052,1.0,7.617530530318618,14.865781784057617,89.27,75.11,1.077515587234497,0.86896600856781,1.0,1.0,1.0,0.9557063579559326,0.9382576942443848,82.19,100.0,73.0,0.0001552136962565953,0.9657114094495773,1.0,1.0,1.0,0.10751605033874512,0.06090116500854492,86.5
99.89911920251981,99.9495596012599,0.0066492920299478005,1.0,7.611442940309644,14.818004369735718,89.34,75.13,1.0845666090011596,0.8610248750686645,1.0,1.0,1.0,0.9568116664886475,0.9411168098449707,82.235,100.0,72.0,0.00023743035488088537,0.9636431988794356,1.0,1.0,1.0,0.11016488075256348,0.06351447105407715,86.0
99.89329915651133,99.95731966260453,0.0070552188084683195,1.0,7.604497201740742,15.264289617538452,89.16,75.02,1.08574695186615,0.8632604652404785,1.0,1.0,1.0,0.9016211032867432,0.9108612537384033,82.09,100.0,71.0,0.00014826800448034306,0.969862015619874,1.0,1.0,1.0,0.10807156562805176,0.06484127044677734,85.5
99.91463932520907,99.9592596779407,0.006118731237691559,1.0,7.598069906234741,14.716242551803589,89.18,75.59,1.111622894668579,0.8514037019729614,1.0,1.0,1.0,0.9583601951599121,0.9254782199859619,82.385,100.0,73.0,0.00018441251051662277,0.9281424536556006,1.0,1.0,1.0,0.10766267776489258,0.06209921836853027,86.5
99.91851935588139,99.94761958592375,0.006343036615313598,1.0,7.5912802228704095,14.96071743965149,89.28,75.55,1.0875329734802246,0.853325707244873,1.0,1.0,1.0,0.9402902126312256,0.9191198348999023,82.41499999999999,100.0,72.0,0.00017391420057812467,0.951849676547572,1.0,1.0,1.0,0.10498833656311035,0.0603640079498291,86.0
99.92627941722601,99.95343963193221,0.006406185318897425,1.0,7.584575586952269,15.499610662460327,89.04,75.31,1.113944285583496,0.8602737586975098,1.0,1.0,1.0,0.9450786113739014,0.9001195430755615,82.17500000000001,100.0,72.0,0.00017009466424312337,0.9667463396489621,1.0,1.0,1.0,0.1507112979888916,0.07474327087402344,86.0
99.89717918718365,99.93791950924296,0.00681173067545371,1.0,7.5782122472301126,15.032898664474487,89.19,75.35,1.093863847541809,0.850997604560852,1.0,1.0,1.0,0.9533319473266602,0.9391272068023682,82.27,100.0,72.0,0.00013807656500176792,0.9443043436855078,1.0,1.0,1.0,0.10386919975280762,0.061440467834472656,86.0
99.90105921785596,99.95731966260453,0.0066036052310282705,1.0,7.571422645822167,15.168949365615845,89.12,75.75,1.0943191013336182,0.8379856245040893,1.0,1.0,1.0,0.9385437965393066,0.9546921253204346,82.435,100.0,71.0,0.00019748564447638728,0.9339047767221927,1.0,1.0,1.0,0.16359925270080566,0.08351588249206543,85.5
99.93209946323448,99.9495596012599,0.006214175281103995,1.0,7.564435175620019,15.007943391799927,89.04,75.91,1.1051651359558106,0.8344201730728149,1.0,1.0,1.0,0.9439713954925537,0.9455554485321045,82.475,100.0,71.0,0.00016171603017888002,0.9317717008106411,1.0,1.0,1.0,0.11855936050415039,0.06182527542114258,85.5
99.90493924852828,99.94567957058759,0.006339905198923432,1.0,7.557321495376527,15.446367979049683,89.19,75.39,1.0926836702346803,0.8506876388549804,1.0,1.0,1.0,0.9178662300109863,0.9184083938598633,82.28999999999999,100.0,72.0,9.000606263001031e-05,0.9570620210841299,1.0,1.0,1.0,0.1129617691040039,0.06795501708984375,86.0
99.89523917184749,99.95537964726837,0.006772698432003791,1.0,7.551085312850773,14.662989616394043,89.08,76.3,1.1065816165924072,0.818967223739624,1.0,1.0,1.0,0.8698413372039795,0.8338601589202881,82.69,100.0,73.0,0.00011646482836297878,0.9216357266902924,1.0,1.0,1.0,0.10765624046325684,0.06142473220825195,86.5
99.93403947857064,99.96895975462148,0.005738610188408472,1.0,7.544445388019085,14.342247724533081,89.05,75.51,1.1012166652679443,0.8464898571014404,1.0,1.0,1.0,0.8356444835662842,0.8188576698303223,82.28,100.0,72.0,0.0001689485088999021,0.9432086729444563,1.0,1.0,1.0,0.11060404777526855,0.0625910758972168,86.0
99.9088192792006,99.94761958592375,0.006606619422406431,1.0,7.53731472697109,15.190988779067993,89.21,75.25,1.0850966945648193,0.8572385026931763,1.0,1.0,1.0,0.8990836143493652,0.8302769660949707,82.22999999999999,100.0,71.0,0.00018144955089006488,0.9033506517857313,1.0,1.0,1.0,0.10712838172912598,0.06102108955383301,85.5
99.90687926386444,99.96895975462148,0.006574065883735001,1.0,7.530338251031935,15.48332166671753,89.2,75.72,1.0823033262252808,0.8419629419326782,1.0,1.0,1.0,0.8447074890136719,0.8668830394744873,82.46000000000001,100.0,72.0,0.0001257536869299969,0.8914337397366762,1.0,1.0,1.0,0.10748934745788574,0.06272244453430176,86.0
99.89911920251981,99.94567957058759,0.006848645946466323,1.0,7.52380115352571,14.670334815979004,89.13,75.9,1.0922708665847778,0.8394154403686523,1.0,1.0,1.0,0.8283846378326416,0.85760498046875,82.515,100.0,73.0,8.016345331235186e-05,0.907403095215559,1.0,1.0,1.0,0.10756993293762207,0.05297422409057617,86.5
99.89717918718365,99.94179953991527,0.006677906773831646,1.0,7.517348764464259,14.445021390914917,89.23,76.21,1.101600668144226,0.8186170253753662,1.0,1.0,1.0,0.8536930084228516,0.803807258605957,82.72,100.0,73.0,0.0001465586017217646,0.8912459077686071,1.0,1.0,1.0,0.10866737365722656,0.062287092208862305,86.5
99.89717918718365,99.96119969327685,0.006454657299742794,1.0,7.511090743355453,14.333312511444092,89.23,76.2,1.0937060647964478,0.8200242265701294,1.0,1.0,1.0,0.8923630714416504,0.8625478744506836,82.715,100.0,72.0,0.00014594225478354873,0.8652869103476405,1.0,1.0,1.0,0.10565781593322754,0.06217527389526367,86.0
99.89911920251981,99.94373955525143,0.00672699220279317,1.0,7.504135576076806,14.494470596313477,89.4,75.91,1.0808236917495728,0.8392533611297608,1.0,1.0,1.0,0.8933544158935547,0.8766665458679199,82.655,100.0,72.0,0.0002891030322260946,0.9184495976008474,1.0,1.0,1.0,0.12217378616333008,0.06179523468017578,86.0
99.89523917184749,99.94761958592375,0.00642630012714344,1.0,7.497721632011235,14.759833335876465,89.05,76.25,1.0922541231155396,0.8232505182266235,1.0,1.0,1.0,1.0173933506011963,0.9106271266937256,82.65,100.0,73.0,9.165788626845028e-05,0.9014247748348861,1.0,1.0,1.0,0.12880873680114746,0.05707836151123047,86.5
